{
  "experiment_id": "full__noisy_topk_k2",
  "experiment_config": {
    "experiment_id": "full__noisy_topk_k2",
    "expert_config": {
      "mode": "full",
      "active_experts": [
        "vision",
        "text",
        "multimodal",
        "specialized"
      ],
      "disabled_experts": [],
      "num_experts_per_type": {
        "vision": 2,
        "text": 2,
        "multimodal": 2,
        "specialized": 2
      },
      "description": "Baseline (all experts)"
    },
    "router_config": {
      "router_type": "noisy_topk",
      "top_k": 2,
      "noise_enabled": true,
      "load_balance_weight": 0.01,
      "capacity_factor": 1.25,
      "description": "Router=noisy_topk | K=2 | noise=on | lb=0.01"
    },
    "num_epochs": 10,
    "learning_rate": 2e-05,
    "batch_size": 8,
    "seed": 42,
    "tags": [
      "full",
      "router_noisy_topk"
    ],
    "priority": 10
  },
  "metrics": {},
  "moe_metrics": {},
  "training_history": [
    {
      "loss": 9.95746356152408,
      "perplexity": 21109.18560630044,
      "learning_rate": 3.6132132670162744e-06
    },
    {
      "loss": 7.4043958270691235,
      "perplexity": 1643.1917641294237,
      "learning_rate": 1.0404067883540857e-05
    },
    {
      "loss": 6.0604643865439245,
      "perplexity": 428.57441484568596,
      "learning_rate": 1.719253837007673e-05
    }
  ],
  "validation_history": [
    {
      "loss": 8.888047933578491,
      "perplexity": 7244.862917374654,
      "bleu": 0,
      "meteor": 0.0,
      "rouge_l": 0.0,
      "cider": 0.0,
      "exact_match": 0.0,
      "precision": 0.0,
      "recall": 0.0,
      "f1": 0.0
    },
    {
      "loss": 6.427322301371344,
      "perplexity": 618.515530444729,
      "bleu": 3.3480190876146247e-05,
      "meteor": 0.07961895060389232,
      "rouge_l": 0.2117458273583345,
      "cider": 0.19902356006437985,
      "exact_match": 0.022653721682847898,
      "precision": 0.44147788565264295,
      "recall": 0.15099136787041317,
      "f1": 0.21390097024972335
    }
  ],
  "total_epochs": 3,
  "training_time": 2424.082111120224,
  "best_metric": 0.0,
  "checkpoint_path": "checkpoints/ablation/emergency_backups/full__noisy_topk_k2_interrupted.pt",
  "status": "interrupted",
  "error_message": "Interrupted by user (Ctrl+C)"
}