{
  "primary_metric": "bleu",
  "num_experiments": 9,
  "ranking": [
    [
      "full__topk_k4",
      0.06448949190652833
    ],
    [
      "full__topk_k2",
      0.0639411397317302
    ],
    [
      "subset_multimodal_specialized__noisy_topk_k2",
      0.061205961901901994
    ],
    [
      "subset_multimodal_specialized_text__noisy_topk_k2",
      0.061196409935022456
    ],
    [
      "subset_multimodal_text__noisy_topk_k2",
      0.04991447101410383
    ],
    [
      "subset_multimodal_text_vision__noisy_topk_k2",
      0.047196225471248444
    ],
    [
      "subset_multimodal_vision__noisy_topk_k2",
      0.047196225471248444
    ],
    [
      "subset_multimodal_specialized_vision__noisy_topk_k2",
      0.04669054226189124
    ],
    [
      "subset_specialized_vision__noisy_topk_k2",
      0.04647397273280017
    ]
  ],
  "deltas": {
    "full__topk_k2": 0.0,
    "subset_multimodal_specialized_vision__noisy_topk_k2": -0.01725059746983896,
    "full__topk_k4": 0.0005483521747981362,
    "subset_multimodal_specialized__noisy_topk_k2": -0.0027351778298282045,
    "subset_multimodal_text__noisy_topk_k2": -0.014026668717626367,
    "subset_multimodal_text_vision__noisy_topk_k2": -0.016744914260481754,
    "subset_multimodal_specialized_text__noisy_topk_k2": -0.0027447297967077428,
    "subset_multimodal_vision__noisy_topk_k2": -0.016744914260481754,
    "subset_specialized_vision__noisy_topk_k2": -0.017467166998930028
  },
  "expert_importance": [
    {
      "expert_type": "vision",
      "solo_metrics": {},
      "baseline_metric": 0.0639411397317302,
      "loo_metrics": {},
      "importance_score": 0.0,
      "solo_score": 0.0
    },
    {
      "expert_type": "text",
      "solo_metrics": {},
      "baseline_metric": 0.0639411397317302,
      "loo_metrics": {},
      "importance_score": 0.0,
      "solo_score": 0.0
    },
    {
      "expert_type": "multimodal",
      "solo_metrics": {},
      "baseline_metric": 0.0639411397317302,
      "loo_metrics": {},
      "importance_score": 0.0,
      "solo_score": 0.0
    },
    {
      "expert_type": "specialized",
      "solo_metrics": {},
      "baseline_metric": 0.0639411397317302,
      "loo_metrics": {},
      "importance_score": 0.0,
      "solo_score": 0.0
    }
  ],
  "metric_summaries": {
    "bleu": {
      "name": "bleu",
      "mean": 0.054256048936275024,
      "std": 0.0081495655912613,
      "min": 0.04647397273280017,
      "max": 0.06448949190652833,
      "best_experiment": "full__topk_k4",
      "values": {
        "full__topk_k2": 0.0639411397317302,
        "subset_multimodal_specialized_vision__noisy_topk_k2": 0.04669054226189124,
        "full__topk_k4": 0.06448949190652833,
        "subset_multimodal_specialized__noisy_topk_k2": 0.061205961901901994,
        "subset_multimodal_text__noisy_topk_k2": 0.04991447101410383,
        "subset_multimodal_text_vision__noisy_topk_k2": 0.047196225471248444,
        "subset_multimodal_specialized_text__noisy_topk_k2": 0.061196409935022456,
        "subset_multimodal_vision__noisy_topk_k2": 0.047196225471248444,
        "subset_specialized_vision__noisy_topk_k2": 0.04647397273280017
      }
    },
    "meteor": {
      "name": "meteor",
      "mean": 0.26897101532345147,
      "std": 0.011394986464622267,
      "min": 0.2572445502933114,
      "max": 0.2823313209718815,
      "best_experiment": "full__topk_k4",
      "values": {
        "full__topk_k2": 0.2802285665296488,
        "subset_multimodal_specialized_vision__noisy_topk_k2": 0.2572445502933114,
        "full__topk_k4": 0.2823313209718815,
        "subset_multimodal_specialized__noisy_topk_k2": 0.28040680256086925,
        "subset_multimodal_text__noisy_topk_k2": 0.26094242079022345,
        "subset_multimodal_text_vision__noisy_topk_k2": 0.2597510546303248,
        "subset_multimodal_specialized_text__noisy_topk_k2": 0.2807300407797673,
        "subset_multimodal_vision__noisy_topk_k2": 0.2597510546303248,
        "subset_specialized_vision__noisy_topk_k2": 0.2593533267247122
      }
    },
    "rouge_l": {
      "name": "rouge_l",
      "mean": 0.41050730356161674,
      "std": 0.00850202834321958,
      "min": 0.4029348865363341,
      "max": 0.4201857315735878,
      "best_experiment": "subset_multimodal_specialized_text__noisy_topk_k2",
      "values": {
        "full__topk_k2": 0.41783865966641054,
        "subset_multimodal_specialized_vision__noisy_topk_k2": 0.4031626224492205,
        "full__topk_k4": 0.4199034578678807,
        "subset_multimodal_specialized__noisy_topk_k2": 0.41981505616245934,
        "subset_multimodal_text__noisy_topk_k2": 0.40300869612334483,
        "subset_multimodal_text_vision__noisy_topk_k2": 0.40385831083765594,
        "subset_multimodal_specialized_text__noisy_topk_k2": 0.4201857315735878,
        "subset_multimodal_vision__noisy_topk_k2": 0.40385831083765594,
        "subset_specialized_vision__noisy_topk_k2": 0.4029348865363341
      }
    },
    "cider": {
      "name": "cider",
      "mean": 0.6407791130428669,
      "std": 0.039850057214391846,
      "min": 0.6004731845855011,
      "max": 0.690811460368401,
      "best_experiment": "full__topk_k4",
      "values": {
        "full__topk_k2": 0.689259445990909,
        "subset_multimodal_specialized_vision__noisy_topk_k2": 0.6004731845855011,
        "full__topk_k4": 0.690811460368401,
        "subset_multimodal_specialized__noisy_topk_k2": 0.6737113996153092,
        "subset_multimodal_text__noisy_topk_k2": 0.6191957499299235,
        "subset_multimodal_text_vision__noisy_topk_k2": 0.6043156689803918,
        "subset_multimodal_specialized_text__noisy_topk_k2": 0.6741731177514567,
        "subset_multimodal_vision__noisy_topk_k2": 0.6043156689803918,
        "subset_specialized_vision__noisy_topk_k2": 0.610756321183518
      }
    },
    "exact_match": {
      "name": "exact_match",
      "mean": 0.06427544048903272,
      "std": 0.002809151382955724,
      "min": 0.061488673139158574,
      "max": 0.06850053937432578,
      "best_experiment": "subset_multimodal_specialized__noisy_topk_k2",
      "values": {
        "full__topk_k2": 0.06634304207119741,
        "subset_multimodal_specialized_vision__noisy_topk_k2": 0.06256742179072276,
        "full__topk_k4": 0.06229773462783172,
        "subset_multimodal_specialized__noisy_topk_k2": 0.06850053937432578,
        "subset_multimodal_text__noisy_topk_k2": 0.06364617044228695,
        "subset_multimodal_text_vision__noisy_topk_k2": 0.061488673139158574,
        "subset_multimodal_specialized_text__noisy_topk_k2": 0.06850053937432578,
        "subset_multimodal_vision__noisy_topk_k2": 0.061488673139158574,
        "subset_specialized_vision__noisy_topk_k2": 0.06364617044228695
      }
    },
    "precision": {
      "name": "precision",
      "mean": 0.550408597455523,
      "std": 0.006265145758462509,
      "min": 0.5431582935223712,
      "max": 0.5579840242461601,
      "best_experiment": "subset_multimodal_specialized_text__noisy_topk_k2",
      "values": {
        "full__topk_k2": 0.5548935377818872,
        "subset_multimodal_specialized_vision__noisy_topk_k2": 0.5462468536497662,
        "full__topk_k4": 0.5565623876303488,
        "subset_multimodal_specialized__noisy_topk_k2": 0.5579121076693893,
        "subset_multimodal_text__noisy_topk_k2": 0.5431582935223712,
        "subset_multimodal_text_vision__noisy_topk_k2": 0.5464805825242718,
        "subset_multimodal_specialized_text__noisy_topk_k2": 0.5579840242461601,
        "subset_multimodal_vision__noisy_topk_k2": 0.5464805825242718,
        "subset_specialized_vision__noisy_topk_k2": 0.5439590075512406
      }
    },
    "recall": {
      "name": "recall",
      "mean": 0.398924642186958,
      "std": 0.011833538678555114,
      "min": 0.3855665834225705,
      "max": 0.41443177836786255,
      "best_experiment": "full__topk_k4",
      "values": {
        "full__topk_k2": 0.41061923663056354,