{
  "experiment_id": "subset_specialized_vision__noisy_topk_k2",
  "experiment_config": {
    "experiment_id": "subset_specialized_vision__noisy_topk_k2",
    "expert_config": {
      "mode": "subset",
      "active_experts": [
        "specialized",
        "vision"
      ],
      "disabled_experts": [
        "multimodal",
        "text"
      ],
      "num_experts_per_type": {
        "vision": 2,
        "text": 0,
        "multimodal": 0,
        "specialized": 2
      },
      "description": "Subset: specialized+vision"
    },
    "router_config": {
      "router_type": "noisy_topk",
      "top_k": 2,
      "noise_enabled": true,
      "load_balance_weight": 0.01,
      "capacity_factor": 1.25,
      "description": "Router=noisy_topk | K=2 | noise=on | lb=0.01"
    },
    "num_epochs": 10,
    "learning_rate": 2e-05,
    "batch_size": 8,
    "seed": 42,
    "tags": [
      "subset",
      "router_noisy_topk"
    ],
    "priority": 5
  },
  "metrics": {
    "loss": 0.3845640769035652,
    "accuracy": 0.9722147288912868,
    "vqa_accuracy": 0.3278482150885711,
    "exact_match": 0.010520636633396278,
    "bleu": 8.262533582251669e-05,
    "meteor": 0.014375357729057688,
    "rouge_l": 0.01910863617095071,
    "cider": 0.03751308083783823,
    "precision": 0.020097113568923658,
    "recall": 0.01864940203219135,
    "f1": 0.01918249900445746
  },
  "moe_metrics": {
    "load_balance_loss": 0.048986539244651794,
    "routing_entropy": 0.4390476644039154,
    "expert_prob_mean": [
      [
        0.009002593345940113,
        0.6469931602478027,
        0.18733564019203186,
        0.07148293405771255,
        0.045968301594257355,
        0.012647392228245735,
        0.014631562866270542,
        0.011938386596739292
      ]
    ],
    "expert_usage_ratios": [
      0.0,
      0.0,
      0.0,
      0.0,
      0.0,
      0.0,
      0.0,
      0.0
    ],
    "load_imbalance": 0.0,
    "active_experts": 4,
    "expert_mask": [
      true,
      true,
      false,
      false,
      false,
      false,
      true,
      true
    ]
  },
  "training_history": [
    {
      "loss": 2.7327002263435753,
      "accuracy": 0.7243390882114917,
      "learning_rate": 2e-05
    },
    {
      "loss": 1.6734548494247918,
      "accuracy": 0.7698273536552468,
      "learning_rate": 1.9397928714752197e-05
    },
    {
      "loss": 1.546967565482731,
      "accuracy": 0.7700633935797141,
      "learning_rate": 1.7664212584495545e-05
    },
    {
      "loss": 1.4582892113018782,
      "accuracy": 0.7723900728351767,
      "learning_rate": 1.5007616877555848e-05
    },
    {
      "loss": 1.3853459338116652,
      "accuracy": 0.7716145130833558,
      "learning_rate": 1.1748031824827196e-05
    },
    {
      "loss": 1.3173127588571034,
      "accuracy": 0.7759306717021851,
      "learning_rate": 8.277958780527115e-06
    },
    {
      "loss": 1.2592946255113804,
      "accuracy": 0.7784596708929054,
      "learning_rate": 5.015245079994202e-06
    },
    {
      "loss": 1.2261939947499656,
      "accuracy": 0.7805840302131103,
      "learning_rate": 2.3527669906616213e-06
    }
  ],
  "validation_history": [
    {
      "loss": 0.3373500603925565,
      "accuracy": 0.9376854599406528,
      "vqa_accuracy": 0.3168779785990468,
      "exact_match": 0.01132991637442676,
      "bleu": 0.00010621046008413743,
      "meteor": 0.023140725406876582,
      "rouge_l": 0.03658779400619163,
      "cider": 0.05360843272999308,
      "precision": 0.039924467224170486,
      "recall": 0.03527110871324521,
      "f1": 0.03685691163435971
    },
    {
      "loss": 0.43396980675130054,
      "accuracy": 0.9522524952792015,
      "vqa_accuracy": 0.32254293678626017,
      "exact_match": 0.013487995683841382,
      "bleu": 0.00010055145984841941,
      "meteor": 0.02106690951921484,
      "rouge_l": 0.03036725885390574,
      "cider": 0.05233429979757468,
      "precision": 0.031696789857027244,
      "recall": 0.029898390432515055,
      "f1": 0.030504065667270413
    },
    {
      "loss": 0.3845640769035652,
      "accuracy": 0.9722147288912868,
      "vqa_accuracy": 0.3278482150885711,
      "exact_match": 0.010520636633396278,
      "bleu": 8.262533582251669e-05,
      "meteor": 0.014375357729057688,
      "rouge_l": 0.01910863617095071,
      "cider": 0.03751308083783823,
      "precision": 0.020097113568923658,
      "recall": 0.01864940203219135,
      "f1": 0.01918249900445746
    },
    {
      "loss": 0.4152388561131625,
      "accuracy": 0.906123550040464,
      "vqa_accuracy": 0.31130294038305906,
      "exact_match": 0.02481791205826814,
      "bleu": 0.0001561350297842021,
      "meteor": 0.04050201744006272,
      "rouge_l": 0.05878453890323326,
      "cider": 0.09946202209937186,
      "precision": 0.06231454005934718,
      "recall": 0.057364445643377386,
      "f1": 0.05909990108803165
    },
    {
      "loss": 0.4669480149088235,
      "accuracy": 0.8988400323711896,
      "vqa_accuracy": 0.31022390072835176,
      "exact_match": 0.029134070677097383,
      "bleu": 0.0001694231560472002,
      "meteor": 0.04582130309472801,
      "rouge_l": 0.06533328195049264,
      "cider": 0.10991026074174945,
      "precision": 0.06865389803075263,
      "recall": 0.06395557953421455,
      "f1": 0.06563579842511594
    },
    {
      "loss": 0.5198565310445326,
      "accuracy": 0.9050445103857567,
      "vqa_accuracy": 0.3127416599226687,
      "exact_match": 0.030213110331804693,
      "bleu": 0.0001667925992962795,
      "meteor": 0.044981022481441715,
      "rouge_l": 0.06248795714671085,
      "cider": 0.10993690050590448,
      "precision": 0.0654167790666307,
      "recall": 0.06124449240176243,
      "f1": 0.06268256965586343
    },
    {
      "loss": 0.4841395805365053,
      "accuracy": 0.8856217966010251,
      "vqa_accuracy": 0.3091448610736444,
      "exact_match": 0.036957108173725384,
      "bleu": 0.00019248035621886205,
      "meteor": 0.05475006313901918,
      "rouge_l": 0.07613395506570582,
      "cider": 0.13521753247220708,
      "precision": 0.08025357431885621,
      "recall": 0.07426040823666935,
      "f1": 0.07634141328503347
    },
    {
      "loss": 0.4733846727116355,
      "accuracy": 0.8899379552198543,
      "vqa_accuracy": 0.31130294038305906,
      "exact_match": 0.039924467224170486,
      "bleu": 0.00018888465637494287,
      "meteor": 0.05424779640102835,
      "rouge_l": 0.07408763343481443,
      "cider": 0.13744055637329455,
      "precision": 0.07836525492311842,
      "recall": 0.07294757665677548,
      "f1": 0.0747536835073927
    }
  ],
  "total_epochs": 8,
  "training_time": 3838.3020102977753,
  "best_metric": 0.3278482150885711,
  "checkpoint_path": "checkpoints/ablation/subset_specialized_vision__noisy_topk_k2/best_model.pt",
  "status": "completed",
  "error_message": ""
}