{
  "timestamp": "2026-01-10T01:00:07.711510",
  "execution_time": 26.834248,
  "mode": "evaluate",
  "status": "SUCCESS",
  "data": {
    "train_samples": 29661,
    "val_samples": 3707,
    "test_samples": 3709,
    "num_classes": 459
  },
  "model": {
    "total_params": 243169739,
    "trainable_params": 243169739,
    "model_size_mb": 927.6189384460449
  }
}